City,Country,Lat,Lng,Max Temp,Humidity,Cloudiness,Wind Speed,Current Description
Vardo,NO,70.3705,31.1107,37.38,87,75,9.22,broken clouds
Georgetown,MY,5.4112,100.3354,82.33,93,40,4.61,scattered clouds
Gornopravdinsk,RU,60.05,69.9,34.25,85,100,7.56,overcast clouds
Atuona,PF,-9.8,-139.0333,79.0,71,29,18.19,scattered clouds
Barra Do Garcas,BR,-15.89,-52.2567,90.23,45,99,5.53,overcast clouds
Sao Filipe,CV,14.8961,-24.4956,75.56,70,8,4.45,clear sky
Broome,US,42.2506,-75.833,73.53,49,74,5.01,broken clouds
Rio Grande,BR,-32.035,-52.0986,78.91,49,1,16.06,clear sky
Kahului,US,20.8947,-156.47,74.84,76,40,13.8,scattered clouds
Tasiilaq,GL,65.6145,-37.6368,42.96,70,100,4.14,overcast clouds
Itarema,BR,-2.9248,-39.9167,83.32,71,48,7.72,scattered clouds
Jamestown,US,42.097,-79.2353,80.02,33,20,9.22,few clouds
Tikhvin,RU,59.6451,33.5294,45.77,85,100,10.38,overcast clouds
Qaanaaq,GL,77.484,-69.3632,6.91,70,21,6.93,few clouds
Canico,PT,32.6333,-16.85,69.71,64,40,21.85,scattered clouds
Mar Del Plata,AR,-38.0023,-57.5575,76.95,58,0,13.8,clear sky
Shagonar,RU,51.5333,92.8,29.95,58,62,3.65,broken clouds
Sao Gabriel Da Cachoeira,BR,-0.1303,-67.0892,78.6,83,100,12.66,light rain
Hofn,IS,64.2539,-15.2082,50.02,71,20,12.66,few clouds
Hovd,MN,48.0056,91.6419,27.77,36,81,12.8,broken clouds
Macau,MO,22.2006,113.5461,81.86,94,40,8.05,scattered clouds
Miechow,PL,50.3565,20.0279,58.39,91,98,7.2,overcast clouds
Aksarka,RU,66.5606,67.7975,10.62,96,92,5.46,overcast clouds
Nikolskoye,RU,59.7035,30.7861,46.29,82,100,10.63,overcast clouds
Mataura,NZ,-46.1927,168.8643,52.48,91,100,5.53,overcast clouds
Kokoda,PG,-8.8785,147.7407,72.21,95,83,0.83,light rain
Punta Arenas,CL,-53.15,-70.9167,42.91,87,75,4.61,broken clouds
Kumano,JP,34.3442,132.5894,58.12,94,22,2.13,few clouds
Puerto Del Rosario,ES,28.5004,-13.8627,71.35,49,20,5.75,few clouds
Manzhouli,CN,49.6,117.4333,34.83,31,83,3.29,broken clouds
Ulaanbaatar,MN,47.9077,106.8832,44.73,24,75,6.71,broken clouds
Barrow,US,71.2906,-156.7887,6.82,78,0,10.36,clear sky
East London,ZA,-33.0153,27.9116,63.54,82,0,12.66,clear sky
Graaff-Reinet,ZA,-32.2522,24.5308,56.44,71,47,13.51,light rain
Sarakhs,IR,36.5449,61.1577,77.14,47,0,0.0,clear sky
Hobyo,SO,5.3505,48.5268,84.54,68,17,10.63,few clouds
Tomatlan,MX,19.9333,-105.25,86.99,35,3,5.86,clear sky
Leh,IN,34.1667,77.5833,42.46,29,36,3.96,scattered clouds
Lebu,CL,-37.6167,-73.65,52.93,92,100,13.6,overcast clouds
Waipawa,NZ,-41.4122,175.5153,51.53,87,99,8.05,light rain
Cootamundra,AU,-34.65,148.0333,56.95,91,100,9.1,overcast clouds
San Patricio,US,28.017,-97.5169,84.18,66,66,21.16,broken clouds
Akdepe,TM,42.0551,59.3788,66.29,27,0,7.16,clear sky
Kodiak,US,57.79,-152.4072,40.51,81,100,11.5,overcast clouds
Clyde River,CA,70.4692,-68.5914,5.23,85,100,6.91,overcast clouds
Ushuaia,AR,-54.8,-68.3,42.46,65,75,11.5,broken clouds
Leshukonskoye,RU,64.8989,45.7622,31.86,94,79,1.61,broken clouds
Vila Franca Do Campo,PT,37.7167,-25.4333,63.01,70,9,16.6,light rain
Saint-Pierre,RE,-21.3393,55.4781,76.68,73,100,18.41,overcast clouds
Castro,BR,-24.7911,-50.0119,76.15,59,36,3.49,scattered clouds
Mahebourg,MU,-20.4081,57.7,75.49,78,75,14.97,broken clouds
Riyadh,SA,24.6877,46.7219,84.34,13,94,15.1,overcast clouds
Hermanus,ZA,-34.4187,19.2345,57.79,81,12,7.94,light rain
Odoyev,RU,53.9393,36.6864,47.25,95,100,7.76,overcast clouds
Busselton,AU,-33.65,115.3333,65.01,50,100,10.49,overcast clouds
Roald,NO,62.5833,6.1333,56.32,66,0,4.61,clear sky
Victoria,HK,22.2855,114.1577,82.33,87,5,10.0,clear sky
Hilo,US,19.7297,-155.09,74.28,91,75,9.22,broken clouds
Yellowknife,CA,62.456,-114.3525,23.56,63,0,12.66,clear sky
Ribeira Grande,PT,38.5167,-28.7,63.0,59,40,21.85,scattered clouds
Rikitea,PF,-23.1203,-134.9692,73.71,82,100,9.66,moderate rain
Ust-Kan,RU,50.9276,84.761,24.19,71,2,0.43,clear sky
Torbay,CA,47.6666,-52.7314,38.28,96,100,18.41,light rain
Ambon,ID,-3.6954,128.1814,80.74,83,40,4.61,scattered clouds
Kapaa,US,22.0752,-159.319,75.18,87,75,21.85,broken clouds
Mana,GF,5.6592,-53.7767,82.63,78,71,9.75,broken clouds
Ondjiva,AO,-17.0667,15.7333,86.04,23,20,4.61,few clouds
Ponta Do Sol,PT,32.6667,-17.1,70.0,61,31,7.87,scattered clouds
Labuhan,ID,-6.8844,112.2051,79.07,85,100,3.85,overcast clouds
Ayan,RU,56.45,138.1667,25.59,89,100,3.13,overcast clouds
Basoko,CD,1.2391,23.616,74.79,92,93,4.9,overcast clouds
Guerrero Negro,MX,27.9769,-114.0611,69.31,48,0,4.56,clear sky
Port-Cartier,CA,50.0334,-66.8654,44.71,77,32,7.49,scattered clouds
Pevek,RU,69.7008,170.3133,-0.02,99,99,3.85,overcast clouds
Saint-Philippe,RE,-21.3585,55.7679,76.59,79,99,15.35,light rain
Conde,BR,-7.2597,-34.9075,81.86,78,75,10.36,broken clouds
Saldanha,ZA,-33.0117,17.9442,60.85,81,0,17.07,clear sky
Nantucket,US,41.2835,-70.0995,51.94,56,0,13.8,clear sky
Praya,CV,14.9215,-23.5087,88.34,33,0,18.41,clear sky
Killarney,IE,52.05,-9.5167,60.85,59,20,10.36,few clouds
Alekseyevsk,RU,57.8406,108.3492,20.95,96,66,3.31,broken clouds
Dikson,RU,73.5069,80.5464,5.11,97,97,10.67,overcast clouds
Jabinyanah,TN,35.035,10.9081,69.6,60,71,15.66,broken clouds
Karratha,AU,-20.7377,116.8463,79.9,60,1,7.11,light rain
Bluff,NZ,-46.6,168.3333,52.81,83,80,18.88,broken clouds
Saskylakh,RU,71.9167,114.0833,-7.08,100,37,3.22,scattered clouds
Skibbereen,IE,51.55,-9.2667,55.11,75,100,15.77,overcast clouds
Ornskoldsvik,SE,63.2909,18.7153,47.35,49,15,5.75,few clouds
New Norfolk,AU,-42.7826,147.0587,54.91,85,73,1.41,broken clouds
Khatanga,RU,71.9667,102.5,-10.32,100,95,3.83,overcast clouds
Arraial Do Cabo,BR,-22.9661,-42.0278,82.36,65,40,11.5,scattered clouds
Belyy Yar,RU,53.6039,91.3903,26.85,72,0,6.71,clear sky
Paihia,NZ,-35.2822,174.0912,56.32,94,33,5.91,scattered clouds
Samarai,PG,-10.6167,150.6667,82.4,74,61,10.74,broken clouds
Lagoa,PT,39.05,-27.9833,57.81,74,4,20.92,clear sky
Avera,US,33.194,-82.5271,77.38,52,96,7.23,overcast clouds
Faanui,PF,-16.4833,-151.75,80.49,71,57,5.57,broken clouds
Saint Augustine,US,29.8947,-81.3145,83.05,63,40,9.22,scattered clouds
Ulladulla,AU,-35.35,150.4667,61.7,84,98,4.65,overcast clouds
Vaini,TO,-21.2,-175.2,69.96,100,75,0.0,broken clouds
Solhan,TR,38.9634,41.0293,57.76,48,94,1.97,overcast clouds
Hithadhoo,MV,-0.6,73.0833,84.94,71,95,9.89,overcast clouds
Laguna,US,38.421,-121.4238,69.08,59,0,4.61,clear sky
Mount Isa,AU,-20.7333,139.5,65.97,100,75,8.05,broken clouds
Xichang,CN,27.8964,102.2634,63.81,86,83,3.65,broken clouds
Atambua,ID,-9.1061,124.8925,71.01,80,22,3.6,few clouds
Ahuimanu,US,21.4447,-157.8378,74.91,80,100,13.8,overcast clouds
Lethem,GY,3.3803,-59.7968,95.72,39,69,3.18,broken clouds
Vila Velha,BR,-20.3297,-40.2925,87.75,69,20,18.41,few clouds
Port Hueneme,US,34.1478,-119.1951,79.79,25,0,19.57,clear sky
Neuquen,AR,-38.9516,-68.0591,75.09,25,40,32.21,light rain
Puerto Ayora,EC,-0.7393,-90.3518,75.16,77,27,10.09,scattered clouds
Ostrovnoy,RU,68.0531,39.5131,35.4,98,100,14.67,light rain
Breves,BR,-1.6822,-50.4803,78.3,81,100,3.27,overcast clouds
Codrington,AU,-38.2667,141.9667,48.15,94,14,8.25,few clouds
Ca Mau,VN,9.1769,105.15,81.32,81,30,3.89,scattered clouds
Lazaro Cardenas,MX,17.9583,-102.2,82.87,53,55,7.02,broken clouds
Lompoc,US,34.6391,-120.4579,75.85,71,0,9.22,clear sky
Den Helder,NL,52.9599,4.7593,55.98,73,20,24.0,few clouds
Chernyshevskiy,RU,63.0128,112.4714,7.29,97,96,2.21,overcast clouds
Petropavlovsk-Kamchatskiy,RU,53.0452,158.6483,37.99,70,20,13.42,few clouds
Chokurdakh,RU,70.6333,147.9167,-15.68,100,85,3.56,overcast clouds
Kaeo,NZ,-35.1,173.7833,56.32,94,34,6.22,scattered clouds
Xingcheng,CN,40.6167,120.7167,52.93,84,87,3.0,overcast clouds
Cape Town,ZA,-33.9258,18.4232,61.21,70,20,13.8,few clouds
Provideniya,RU,64.3833,-173.3,23.49,77,5,3.47,clear sky
Lagos,NG,6.5833,3.75,80.92,75,100,5.55,overcast clouds
Jadu,LY,31.953,12.0261,78.39,13,19,10.18,few clouds
Mocuba,MZ,-16.8392,36.9856,71.98,98,21,3.78,few clouds
Butaritari,KI,3.0707,172.7902,79.27,81,100,14.99,light rain
Imbituba,BR,-28.24,-48.6703,73.85,63,1,13.11,clear sky
Las Vegas,US,36.175,-115.1372,68.18,20,0,14.97,clear sky
Biak,ID,-0.9131,122.8766,76.86,85,83,1.3,broken clouds
Bredasdorp,ZA,-34.5322,20.0403,55.9,84,24,6.64,light rain
Saint George,US,37.1041,-113.5841,62.44,27,0,4.61,clear sky
Port Alfred,ZA,-33.5906,26.891,60.19,82,95,5.99,overcast clouds
Zyryanka,RU,65.75,150.85,13.44,95,100,11.18,overcast clouds
Solnechnyy,RU,50.7214,136.6319,17.26,92,50,4.83,scattered clouds
Vao,NC,-22.6667,167.4833,73.78,69,97,23.15,overcast clouds
Albany,US,42.6001,-73.9662,63.95,36,93,3.0,overcast clouds
Dire Dawa,ET,9.5931,41.8661,72.84,70,56,15.3,broken clouds
Caucaia,BR,-3.7361,-38.6531,84.15,69,75,8.05,broken clouds
Port Hedland,AU,-20.3167,118.5667,71.65,83,0,8.05,clear sky
Semey,KZ,50.4111,80.2275,35.56,49,81,8.28,broken clouds
Bambanglipuro,ID,-7.95,110.2833,78.49,87,100,5.86,overcast clouds
Bulgan,MN,48.8125,103.5347,32.02,79,100,3.87,overcast clouds
Severo-Kurilsk,RU,50.6789,156.125,32.02,84,96,12.17,overcast clouds
Porto Novo,BJ,6.4965,2.6036,82.22,67,100,8.21,overcast clouds
Ilulissat,GL,69.2167,-51.1,32.02,69,75,0.0,broken clouds
Luderitz,NA,-26.6481,15.1594,63.21,45,0,28.66,clear sky
Bethel,US,41.3712,-73.414,66.02,42,0,12.66,clear sky
Shingu,JP,33.7333,135.9833,63.5,94,100,0.94,overcast clouds
Tigil,RU,57.8,158.6667,26.53,93,100,2.48,overcast clouds
Gazli,UZ,40.1333,63.45,71.33,34,4,18.92,clear sky
Bathsheba,BB,13.2167,-59.5167,86.61,58,75,21.85,broken clouds
Hobart,AU,-42.8794,147.3294,55.26,89,75,1.01,broken clouds
Taltal,CL,-25.4,-70.4833,66.34,73,3,5.61,clear sky
La Rioja,ES,42.25,-2.5,55.18,67,96,1.95,overcast clouds
Dryden,CA,49.7833,-92.7503,39.49,100,100,11.5,mist
Beringovskiy,RU,63.05,179.3167,10.87,97,83,3.31,broken clouds
Touros,BR,-5.1989,-35.4608,83.28,73,100,14.34,overcast clouds
Cidreira,BR,-30.1811,-50.2056,71.02,66,0,18.32,clear sky
Esperance,AU,-33.8667,121.9,57.04,86,1,12.06,clear sky
Ust-Uda,RU,54.1742,103.0304,25.29,93,100,12.37,snow
Marzuq,YE,14.4,46.4667,73.8,56,6,10.11,clear sky
Vanimo,PG,-2.6741,141.3028,79.03,85,83,4.14,broken clouds
San Pedro,PH,14.35,121.0167,83.43,78,20,6.91,few clouds
Bud,US,39.447,-86.1758,79.32,53,100,19.37,overcast clouds
Gengenbach,DE,48.4,8.0167,51.51,91,100,3.0,overcast clouds
Esmeralda,CU,21.8525,-78.1169,86.11,50,88,15.84,overcast clouds
Mamakan,RU,57.8161,114.0028,27.09,93,100,4.14,overcast clouds
Mount Pleasant,US,32.7941,-79.8626,81.18,52,0,5.75,clear sky
Portland,US,45.5234,-122.6762,58.6,68,20,5.75,few clouds
Half Moon Bay,US,37.4636,-122.4286,63.54,80,75,6.91,mist
Cranbrook,CA,49.4999,-115.7688,44.44,61,20,5.75,few clouds
Kjollefjord,NO,70.9457,27.3465,37.45,87,75,12.66,broken clouds
Arman,RU,59.7,150.1667,16.02,81,28,9.15,scattered clouds
Talnakh,RU,69.4865,88.3972,-5.44,100,59,1.39,broken clouds
Peniche,PT,39.3558,-9.3811,66.07,78,27,7.02,scattered clouds
Sinnamary,GF,5.3833,-52.95,81.61,81,80,9.24,broken clouds
Paragould,US,36.0584,-90.4973,75.13,83,100,1.01,overcast clouds
Altayskoye,RU,51.9533,85.3325,29.71,77,7,2.66,clear sky
Garowe,SO,8.4054,48.4845,86.79,38,37,17.54,scattered clouds
Antofagasta,CL,-23.65,-70.4,72.21,49,8,6.62,clear sky
Singkang,MY,2.1006,102.7994,76.35,95,76,2.84,broken clouds
Maragogi,BR,-9.0122,-35.2225,83.25,66,92,9.73,overcast clouds
Ixtapa,MX,20.7,-105.2,88.99,23,0,6.15,clear sky
Carnarvon,AU,-24.8667,113.6333,66.27,94,2,4.61,clear sky
Camacari,BR,-12.6975,-38.3242,87.57,61,13,8.63,few clouds
Batagay,RU,67.6333,134.6333,-0.51,100,89,1.14,overcast clouds
Sao Joao Da Barra,BR,-21.6403,-41.0511,84.29,64,6,17.25,clear sky
Busayra,JO,30.7376,35.6078,67.51,44,9,8.59,clear sky
Miragoane,HT,18.4423,-73.0876,78.42,71,100,2.26,overcast clouds
Hwange,ZW,-18.3693,26.5019,71.44,66,49,0.89,scattered clouds
Saint-Joseph,RE,-21.3667,55.6167,73.78,77,98,14.83,light rain
Bakel,SN,14.905,-12.4568,106.09,8,5,8.7,clear sky
Dombarovskiy,RU,50.7587,59.5386,44.47,46,42,8.23,scattered clouds
Hun,LY,29.1268,15.9477,82.15,8,2,1.88,clear sky
Coahuayana,MX,18.7333,-103.6833,87.85,32,22,6.42,few clouds
Geraldton,AU,-28.7667,114.6,59.41,72,98,0.0,overcast clouds
Ulaangom,MN,49.9811,92.0667,29.8,39,32,1.66,scattered clouds
Chuy,UY,-33.6971,-53.4616,74.23,35,0,11.01,clear sky
Miraflores,MX,19.2167,-98.8083,72.03,34,1,2.89,clear sky
Otradnoye,RU,59.7775,30.8181,46.45,81,100,10.56,overcast clouds
Igarka,RU,67.4667,86.5833,-7.49,100,62,4.59,broken clouds
Urucara,BR,-2.5364,-57.76,85.78,67,69,5.91,broken clouds
Baykit,RU,61.67,96.37,29.7,96,100,3.78,overcast clouds
Avarua,CK,-21.2078,-159.775,77.05,88,67,5.75,broken clouds
Omboue,GA,-1.5746,9.2618,77.63,88,97,6.06,light rain
Barbastro,ES,42.0356,0.1269,68.18,48,36,14.79,scattered clouds
Katsuura,JP,35.1333,140.3,62.51,89,100,4.85,light rain
Savannah Bight,HN,16.45,-85.85,80.8,75,2,11.41,clear sky
Norman Wells,CA,65.282,-126.8329,41.04,52,20,11.5,few clouds
Ust-Kulom,RU,61.6864,53.6902,36.01,99,99,2.95,overcast clouds
Fortuna,US,40.5982,-124.1573,52.93,83,100,1.01,overcast clouds
Ati,TD,13.2154,18.3353,97.9,9,28,5.7,scattered clouds
Santa Isabel Do Rio Negro,BR,-0.4139,-65.0192,84.67,81,100,4.05,moderate rain
Izhmorskiy,RU,56.194,86.6414,27.07,88,94,5.32,overcast clouds
Matara,LK,5.9485,80.5353,79.18,87,16,0.76,few clouds
Camapua,BR,-19.5314,-54.0439,92.91,32,74,10.22,broken clouds
Athabasca,CA,54.7169,-113.2854,48.61,64,2,10.0,clear sky
Haines Junction,CA,60.7522,-137.5108,35.55,75,100,0.0,overcast clouds
Prince Rupert,CA,54.3161,-130.3201,44.69,93,100,25.32,overcast clouds
Kutum,SD,14.2,24.6667,86.47,8,33,5.08,scattered clouds
Nouadhibou,MR,20.931,-17.0347,73.38,60,0,16.11,clear sky
Tuktoyaktuk,CA,69.4541,-133.0374,14.0,85,0,3.44,clear sky
Ngunguru,NZ,-35.6167,174.5,60.82,82,56,9.91,broken clouds
Tarrafal,CV,15.2833,-23.7667,88.59,74,18,14.97,few clouds
Palmer,US,42.1584,-72.3287,56.82,43,75,8.05,broken clouds
Sakakah,SA,29.9697,40.2064,81.97,46,80,21.45,broken clouds
Coquimbo,CL,-29.9533,-71.3436,56.93,94,100,8.05,light intensity drizzle
Urumqi,CN,43.801,87.6005,49.15,87,75,6.71,broken clouds
Duobao,CN,30.67,112.6895,70.84,98,100,7.58,heavy intensity rain
Poya,NC,-21.35,165.15,70.03,92,83,8.34,broken clouds
Puerto Escondido,MX,15.85,-97.0667,87.66,53,0,7.18,clear sky
Constitucion,CL,-35.3333,-72.4167,60.4,83,94,21.97,overcast clouds
Thinadhoo,MV,0.5333,72.9333,84.9,70,59,9.01,broken clouds
Mogadishu,SO,2.0371,45.3438,83.64,75,89,13.91,overcast clouds
Greystones,IE,53.1408,-6.0631,56.26,70,3,14.36,clear sky
Medea,DZ,36.2642,2.7539,58.44,54,60,5.41,broken clouds
Edinburg,GB,55.9521,-3.1965,52.72,79,40,18.41,scattered clouds
Port Blair,IN,11.6667,92.75,82.44,78,20,2.3,mist
Mattru,SL,7.6244,-11.8332,86.4,68,100,7.23,overcast clouds
Vanavara,RU,60.34,102.2797,25.61,96,98,6.13,overcast clouds
Tornio,FI,65.8481,24.1466,37.42,82,41,4.05,scattered clouds
Upernavik,GL,72.7868,-56.1549,9.91,81,57,11.1,broken clouds
Tiksi,RU,71.6872,128.8694,-5.6,100,99,1.9,overcast clouds
Celestun,MX,20.8667,-90.4,87.62,55,2,3.87,clear sky
Belmonte,BR,-15.8631,-38.8828,84.63,68,15,8.32,few clouds
Georgiyevka,KZ,43.0369,74.7114,53.64,94,75,13.42,broken clouds
Verkhnyaya Inta,RU,65.9811,60.3094,22.44,91,91,3.42,overcast clouds
Acapulco,MX,16.8634,-99.8901,84.02,65,0,8.05,clear sky
Anadyr,RU,64.75,177.4833,14.5,85,0,2.24,clear sky
Bambous Virieux,MU,-20.3428,57.7575,75.45,78,75,14.97,light rain
Sol-Iletsk,RU,51.1631,54.9918,52.36,51,11,6.8,few clouds
Praia Da Vitoria,PT,38.7333,-27.0667,66.45,63,40,21.45,scattered clouds
Am Timan,TD,11.0297,20.2827,95.67,24,66,4.29,broken clouds
Yulara,AU,-25.2406,130.9889,60.64,82,23,8.05,few clouds
Andapa,MG,-14.65,49.65,69.13,99,97,1.36,light rain
Daru,PG,-9.0763,143.2092,78.66,86,100,5.1,overcast clouds
Alta Floresta,BR,-9.8756,-56.0861,87.21,60,83,3.71,broken clouds
Manggar,ID,-2.8833,108.2667,81.66,78,95,5.7,overcast clouds
Sao Francisco Do Sul,BR,-26.2433,-48.6381,76.91,69,40,8.05,scattered clouds
Pachino,IT,36.7186,15.0907,62.98,71,92,14.43,overcast clouds
Komsomolskiy,UZ,40.4272,71.7189,61.52,67,100,2.3,overcast clouds
Tres Arroyos,AR,-38.3739,-60.2798,73.6,44,24,16.58,few clouds
Pemangkat,ID,1.1667,108.9667,80.64,81,98,5.93,overcast clouds
Maceio,BR,-9.6658,-35.7353,87.24,54,40,12.66,scattered clouds
Itaituba,BR,-4.2761,-55.9836,91.56,62,20,5.75,few clouds
Bengkulu,ID,-3.8004,102.2655,77.85,88,75,3.31,broken clouds
Sitka,US,57.0531,-135.33,44.49,81,75,0.0,broken clouds
Olafsvik,IS,64.8945,-23.7142,45.28,81,88,6.4,overcast clouds
Atar,MR,20.5169,-13.0499,93.45,17,0,15.57,clear sky
Flinders,AU,-34.5833,150.8552,62.19,90,98,5.01,light rain
Kavaratti,IN,10.5669,72.642,84.85,69,90,2.44,overcast clouds
Nelson Bay,AU,-32.7167,152.15,64.0,96,65,3.22,broken clouds
San Quintin,MX,30.4833,-115.95,68.4,47,0,5.86,clear sky
Bilibino,RU,68.0546,166.4372,-4.34,99,65,5.66,broken clouds
Pangnirtung,CA,66.1451,-65.7125,17.6,62,100,3.44,overcast clouds
Port Elizabeth,ZA,-33.918,25.5701,61.09,78,0,13.8,clear sky
Longyearbyen,SJ,78.2186,15.6401,12.04,52,20,10.36,few clouds
Udachnyy,RU,66.4167,112.4,-0.06,98,77,1.88,broken clouds
Hasaki,JP,35.7333,140.8333,59.4,89,100,6.15,overcast clouds
Kaitangata,NZ,-46.2817,169.8464,52.77,83,99,12.08,overcast clouds
Nanortalik,GL,60.1432,-45.2371,38.79,87,83,4.81,broken clouds
Cabo San Lucas,MX,22.8909,-109.9124,80.62,74,0,4.99,clear sky
Trelew,AR,-43.249,-65.3051,71.19,24,89,34.18,overcast clouds
Kavieng,PG,-2.5744,150.7967,81.48,78,52,9.64,light rain
Oranjemund,NA,-28.55,16.4333,56.16,75,0,14.07,clear sky
Peleduy,RU,59.6289,112.7406,24.44,97,100,0.47,overcast clouds
Dingle,PH,10.9995,122.6711,77.27,89,96,6.13,overcast clouds
Jiaojiang,CN,28.6803,121.4428,66.99,96,66,1.86,broken clouds
Arlit,NE,18.7369,7.3853,102.69,6,20,11.7,few clouds
Port Lincoln,AU,-34.7333,135.8667,65.3,79,100,8.34,overcast clouds
Homer,US,59.6425,-151.5483,41.77,93,0,0.0,clear sky
Cherskiy,RU,68.75,161.3,-4.81,100,86,5.21,overcast clouds
Menongue,AO,-14.6585,17.691,65.93,51,10,1.81,clear sky
Starachowice,PL,51.0374,21.0713,56.39,88,100,7.0,overcast clouds
Nizwa,OM,22.9333,57.5333,87.51,30,98,7.23,overcast clouds
Kamaishi,JP,39.2667,141.8833,53.37,90,42,6.67,scattered clouds
Sanaur,IN,30.3025,76.4553,85.91,16,85,7.14,overcast clouds
Teahupoo,PF,-17.8333,-149.2667,69.76,74,78,4.07,light rain
Talca,CL,-35.4333,-71.6667,66.24,65,99,22.21,overcast clouds
Lata,PT,40.1629,-8.3327,61.81,61,87,7.11,overcast clouds
Mantua,IT,45.1667,10.7833,60.04,80,98,3.47,overcast clouds
Port Hardy,CA,50.6996,-127.4199,46.58,87,100,12.66,overcast clouds
Zhigansk,RU,66.7697,123.3711,0.77,99,26,6.06,scattered clouds
Pasinler,TR,39.9803,41.6764,58.19,43,51,2.04,broken clouds
Nola,IT,40.922,14.5329,66.38,46,58,5.99,broken clouds
Chalon-Sur-Saone,FR,46.7833,4.85,59.22,86,98,9.19,overcast clouds
Mahon,ES,39.8885,4.2658,66.76,48,20,6.91,few clouds
General Pico,AR,-35.6566,-63.7568,79.79,40,89,17.36,overcast clouds
Klaksvik,FO,62.2266,-6.589,45.52,84,100,18.01,overcast clouds
Uyuni,BO,-20.4597,-66.825,54.25,11,39,20.58,scattered clouds
Gazanjyk,TM,39.2446,55.5154,75.52,25,78,10.27,broken clouds
Murdochville,CA,48.9583,-65.5006,32.88,75,99,12.21,overcast clouds
Vrangel,RU,42.7297,133.0839,48.18,55,83,6.46,broken clouds
Senanga,ZM,-16.1167,23.2667,71.78,54,59,3.74,broken clouds
Teoloyucan,MX,19.7456,-99.1833,72.64,25,0,1.92,clear sky
Deputatskiy,RU,69.3,139.9,-1.26,100,100,1.05,overcast clouds
Khash,IR,28.2211,61.2158,74.1,25,74,3.71,broken clouds
Kruisfontein,ZA,-34.0033,24.7314,57.88,66,71,10.69,broken clouds
San Jeronimo,PE,-11.9472,-75.2829,62.42,47,93,1.14,overcast clouds
San Andres,CO,12.5847,-81.7006,82.42,78,40,11.5,scattered clouds
Nongan,CN,44.382,125.1685,51.69,35,25,7.43,scattered clouds
Kargalinskaya,RU,43.7417,46.4792,52.32,64,0,13.02,clear sky
Tagusao,PH,9.1924,117.8141,79.5,85,11,4.94,few clouds
Srednekolymsk,RU,67.45,153.6833,7.27,97,94,8.3,overcast clouds
Tuatapere,NZ,-46.1333,167.6833,52.0,90,100,7.47,overcast clouds
Nyurba,RU,63.2842,118.3319,18.01,97,100,3.36,overcast clouds
Salihorsk,BY,52.7876,27.5415,46.06,82,77,5.59,broken clouds
Wenling,CN,28.3669,121.36,64.26,94,91,1.3,overcast clouds
Natal,BR,-5.795,-35.2094,84.42,79,75,14.97,broken clouds
Abu Samrah,SY,35.3029,37.1841,79.48,18,4,6.53,clear sky
Ambovombe,MG,-25.1667,46.0833,75.02,78,100,7.18,overcast clouds
Kroya,ID,-7.6331,109.2461,76.86,94,100,5.68,moderate rain
Castrillon,ES,43.3979,-6.7922,56.03,80,98,2.57,overcast clouds
Fasa,IR,28.9383,53.6482,78.04,19,20,9.22,few clouds
Aquiraz,BR,-3.9014,-38.3911,84.29,80,99,5.88,overcast clouds
Batesville,US,35.7698,-91.641,75.61,69,75,12.66,broken clouds
Jaisalmer,IN,26.9147,70.9181,94.17,13,2,9.75,clear sky
Thompson,CA,55.7435,-97.8558,15.96,62,40,18.41,scattered clouds
Mildura,AU,-34.2,142.15,57.16,77,100,6.91,overcast clouds
Sabaudia,IT,41.3003,13.0282,61.95,79,22,8.93,few clouds
Acevedo,CO,1.8361,-75.855,76.6,66,95,0.49,overcast clouds
Bonavista,CA,48.6499,-53.1147,35.37,96,100,27.63,moderate rain
Sovetskiy,RU,61.3614,63.5842,33.48,96,66,4.23,broken clouds
Kodinar,IN,20.7903,70.7031,83.55,54,0,13.69,clear sky
Tezu,IN,27.9167,96.1667,68.25,78,86,5.21,overcast clouds
Bogovarovo,RU,58.9785,47.0246,42.42,83,96,5.55,overcast clouds
Coihaique,CL,-45.5752,-72.0662,38.01,100,100,4.99,light rain
Manbij,SY,36.5281,37.9549,76.1,22,1,5.1,clear sky
Aklavik,CA,68.2191,-135.0107,23.0,74,0,2.3,clear sky
Shar,KZ,49.5886,81.0453,34.12,55,96,7.31,overcast clouds
Iqaluit,CA,63.7506,-68.5145,22.73,79,100,11.5,light snow
Ipixuna,BR,-1.7625,-48.8043,75.54,87,100,2.55,overcast clouds
Lasa,IT,46.6166,10.7002,49.08,95,100,2.19,overcast clouds
Airai,TL,-8.9266,125.4092,58.44,65,54,1.92,broken clouds
Rameswaram,IN,9.2833,79.3,85.44,74,69,9.93,broken clouds
Santa Lucia,ES,27.9117,-15.5407,60.94,60,20,6.91,few clouds
Puerto Ayacucho,VE,5.6639,-67.6236,93.24,48,50,0.54,scattered clouds
Amapa,BR,1.0,-52.0,83.77,68,82,5.14,broken clouds
Svetlogorsk,BY,52.6333,29.7333,48.83,78,93,5.57,overcast clouds
Barcelona,ES,41.3888,2.159,68.79,58,20,23.02,few clouds
Kamiiso,JP,41.8167,140.65,47.52,93,34,4.5,scattered clouds
Goundam,ML,16.4145,-3.6708,98.87,7,1,14.63,clear sky
Erenhot,CN,43.6475,111.9767,58.82,23,2,14.43,clear sky
Osuna,ES,37.2377,-5.1075,67.91,49,72,5.82,broken clouds
Shahrud,IR,36.4182,54.9763,71.04,31,94,4.14,overcast clouds
Ancud,CL,-41.8697,-73.8203,47.23,78,100,23.13,moderate rain
Shambu,ET,9.5667,37.1,55.99,81,97,0.49,light rain
Port Arthur,CN,38.8,121.2667,50.22,95,100,12.88,overcast clouds
Lavrentiya,RU,65.5833,-171.0,13.33,92,72,5.66,broken clouds
Rio Gallegos,AR,-51.6226,-69.2181,44.65,93,40,3.44,scattered clouds
Lorengau,PG,-2.0226,147.2712,80.31,83,61,6.06,broken clouds
Greenock,GB,55.9484,-4.7612,58.48,70,87,9.08,overcast clouds
Dunedin,NZ,-45.8742,170.5036,54.81,66,100,15.99,overcast clouds
Kununurra,AU,-15.7667,128.7333,69.78,88,74,0.0,broken clouds
Yatou,CN,37.15,122.3833,53.4,95,100,8.75,overcast clouds
Namtsy,RU,62.7161,129.6658,16.38,96,71,4.12,broken clouds
Siguiri,GN,11.6667,-9.5,104.79,7,12,7.56,few clouds
Los Llanos De Aridane,ES,28.6585,-17.9182,66.13,68,40,9.22,scattered clouds
Lincoln,US,40.8,-96.667,57.29,41,40,19.57,scattered clouds
Quatre Cocos,MU,-20.2078,57.7625,75.31,76,94,20.02,light rain
Yumen,CN,40.2833,97.2,63.75,16,1,12.24,clear sky
Souillac,MU,-20.5167,57.5167,75.58,78,75,14.97,light rain
Safford,US,32.834,-109.7076,69.12,18,0,0.0,clear sky
Sartell,US,45.6216,-94.2069,46.35,80,100,25.32,overcast clouds
Pisco,PE,-13.7,-76.2167,64.45,94,75,8.05,mist
Poso,ID,-1.3959,120.7524,78.58,84,89,4.07,overcast clouds
Khani,GE,41.9563,42.9566,56.77,81,41,4.25,scattered clouds
Ulcinj,ME,41.9294,19.2244,70.02,75,70,6.42,broken clouds
Shenjiamen,CN,29.9576,122.298,58.73,98,100,9.98,overcast clouds
Mehran,IR,33.1222,46.1646,72.61,48,84,6.87,light rain
Rocha,UY,-34.4833,-54.3333,77.02,31,0,13.49,clear sky
Victoria Point,AU,-27.5833,153.3,66.9,93,67,8.01,broken clouds
Kailua,US,21.4022,-157.7394,75.18,80,100,13.8,overcast clouds
Fairbanks,US,64.8378,-147.7164,37.24,72,0,1.01,clear sky
Chateauroux,FR,46.8167,1.7,57.2,88,75,16.11,broken clouds
Talara,PE,-4.5772,-81.2719,81.36,57,0,17.27,clear sky
Kilindoni,TZ,-7.9139,39.6668,82.45,74,99,8.7,overcast clouds
Tumaco,CO,1.7986,-78.8156,82.04,75,59,4.85,light rain
Tarko-Sale,RU,64.9225,77.785,11.7,96,98,7.4,overcast clouds
Tazmalt,DZ,36.3868,4.3989,67.77,48,11,6.38,few clouds
Ishigaki,JP,24.3448,124.1572,78.93,100,100,8.05,overcast clouds
Wukari,NG,7.85,9.7833,90.43,48,90,7.23,overcast clouds
Tarakan,ID,3.3,117.6333,80.1,89,75,5.75,broken clouds
Ranong,TH,9.9658,98.6348,80.24,84,82,3.31,broken clouds
Twin Falls,US,42.3505,-114.6445,44.92,53,0,9.22,clear sky
Liaoyang,CN,41.2719,123.1731,52.12,69,17,6.08,few clouds
Alugan,PH,12.2188,125.4808,76.59,94,100,3.49,heavy intensity rain
Huinan,CN,42.6225,126.2614,52.07,38,44,3.8,scattered clouds
Presidencia Roque Saenz Pena,AR,-26.7852,-60.4388,91.04,45,53,13.69,broken clouds
Sao Benedito Do Rio Preto,BR,-3.3336,-43.5283,84.16,72,71,1.77,broken clouds
Dunmore Town,BS,25.5,-76.65,75.61,74,0,18.23,clear sky
Tessalit,ML,20.1986,1.0114,93.65,5,0,14.03,clear sky
Bereslavka,RU,48.6254,44.0449,56.17,57,86,9.19,overcast clouds
Machali,CL,-34.1833,-70.6667,69.71,44,100,4.12,overcast clouds
Lumphat,KH,13.4878,106.9816,78.66,80,13,1.59,few clouds
Bonnyville,CA,54.2668,-110.735,49.32,67,68,9.98,broken clouds
Grand Gaube,MU,-20.0064,57.6608,75.6,76,97,7.0,overcast clouds
Utete,TZ,-7.986,38.758,75.27,97,100,4.09,overcast clouds
Campoverde,PE,-8.4753,-74.8058,89.29,83,89,1.86,overcast clouds
Kifri,IQ,34.6959,44.9661,71.94,32,100,12.57,overcast clouds
Ardakan,IR,32.31,54.0175,81.5,14,97,5.08,overcast clouds
Alyangula,AU,-13.8483,136.4192,78.67,94,100,5.75,overcast clouds
Northam,GB,51.0333,-4.2167,55.65,76,54,13.82,broken clouds
Bowen,AU,-20.0167,148.2333,75.81,85,100,23.6,overcast clouds
Mitsamiouli,KM,-11.3847,43.2844,81.0,82,99,9.31,overcast clouds
Birjand,IR,32.8663,59.2211,72.07,26,40,11.5,scattered clouds
Saraland,US,30.8207,-88.0706,83.05,68,68,10.65,broken clouds
Saravan,AM,39.7196,45.6483,53.83,48,99,6.2,overcast clouds
Marsa Matruh,EG,31.3525,27.2453,66.4,77,20,6.91,few clouds
Crieff,GB,56.3727,-3.8389,55.96,75,92,7.14,overcast clouds
Kuytun,RU,54.3419,101.5036,21.47,84,100,10.65,overcast clouds
Lavumisa,SZ,-27.31,31.892,69.67,96,39,7.09,moderate rain
Turayf,SA,31.6725,38.6637,59.25,88,75,18.41,thunderstorm with rain
Salalah,OM,17.0151,54.0924,82.09,74,55,5.86,broken clouds
Juneau,US,58.3019,-134.4197,45.84,90,100,6.91,light rain
Huarmey,PE,-10.0681,-78.1522,73.31,74,33,11.72,scattered clouds
Byron Bay,AU,-28.65,153.6167,67.89,78,81,12.48,broken clouds
Talcahuano,CL,-36.7167,-73.1167,58.68,88,75,12.66,broken clouds
Meulaboh,ID,4.1363,96.1285,78.96,86,82,0.6,broken clouds
Abasolo,MX,20.45,-101.5167,84.87,19,0,5.79,clear sky
Kabrai,IN,25.4167,80.0167,95.31,9,0,4.59,clear sky
Derzhavinsk,KZ,51.1,66.3167,43.48,43,100,10.6,overcast clouds
Betioky,MG,-23.7167,44.3833,71.51,92,100,2.08,light rain
Gazojak,TM,41.1875,61.4036,68.86,35,0,12.15,clear sky
Agaro,ET,7.85,36.65,64.72,89,97,2.51,light rain
Paita,PE,-5.0892,-81.1144,74.23,73,98,10.07,overcast clouds
Mitzic,GA,0.7821,11.549,71.98,96,100,2.84,moderate rain
Koppies,ZA,-27.2418,27.5742,63.21,57,80,7.67,broken clouds
Ballina,AU,-28.8667,153.5667,67.96,83,75,10.36,broken clouds
Guaratingueta,BR,-22.8164,-45.1925,82.4,51,20,4.61,few clouds
Lingyuan,CN,41.24,119.4011,54.28,47,47,4.25,scattered clouds
Aswan,EG,24.0934,32.907,92.5,15,0,9.22,clear sky
Shimizu,JP,43.0061,142.8847,45.37,65,61,7.27,broken clouds
Havre-Saint-Pierre,CA,50.2334,-63.5986,46.76,46,0,17.27,clear sky
Narsaq,GL,60.9167,-46.05,40.66,82,86,7.67,overcast clouds
Zapolyarnyy,RU,69.4154,30.8136,36.68,81,100,14.27,overcast clouds
Juruti,BR,-2.1522,-56.0922,87.57,61,69,6.58,broken clouds
Bilma,NE,18.6853,12.9164,100.67,8,4,7.07,clear sky
Mandalgovi,MN,45.7625,106.2708,58.17,30,94,23.47,light rain
Kloulklubed,PW,7.0419,134.2556,82.29,79,100,13.6,overcast clouds
Harper,LR,4.375,-7.7169,84.4,72,99,9.8,overcast clouds
Bertoua,CM,4.5833,13.6833,78.78,64,98,3.02,overcast clouds
Kieta,PG,-6.2167,155.6333,77.79,84,77,2.44,moderate rain
Zaysan,KZ,47.4667,84.8667,35.64,44,69,3.96,broken clouds
Porto Empedocle,IT,37.2934,13.5264,66.31,68,24,9.15,few clouds
Bartica,GY,6.4,-58.6167,86.32,73,98,3.33,overcast clouds
Koygorodok,RU,60.445,50.9968,36.82,95,99,3.33,overcast clouds
Kendari,ID,-3.945,122.4989,75.63,93,75,2.66,broken clouds
Tambura,SS,5.6,27.4667,77.86,67,85,6.46,light rain
Paamiut,GL,61.994,-49.6678,32.04,90,80,11.07,broken clouds
Placido De Castro,BR,-10.3353,-67.1856,83.21,84,93,2.42,overcast clouds
Phalaborwa,ZA,-23.943,31.1411,81.68,48,0,6.62,clear sky
Roma,US,43.2128,-75.4557,71.08,41,0,12.66,clear sky
Quelimane,MZ,-17.8786,36.8883,73.47,96,8,4.81,clear sky
Obo,CF,5.3998,26.4869,76.33,75,85,5.91,light rain
Matagami,CA,49.7502,-77.6328,35.71,64,100,31.07,overcast clouds
Russell,US,32.3502,-85.1999,77.97,57,40,0.0,scattered clouds
Pierre,US,44.3683,-100.351,40.86,71,100,34.52,overcast clouds
Waingapu,ID,-9.6567,120.2641,76.73,83,19,6.35,few clouds
Pafos,CY,34.7667,32.4167,70.23,83,0,9.22,clear sky
Manokwari,ID,-0.8667,134.0833,78.73,81,100,1.63,overcast clouds
Paka,MY,4.6374,103.4368,80.53,94,53,0.0,broken clouds
Cayenne,GF,4.9333,-52.3333,87.84,6,75,12.66,broken clouds
Suntar,RU,62.1444,117.6319,25.18,92,100,3.11,overcast clouds
Buala,SB,-8.145,159.5921,79.2,82,100,4.05,light rain
Lappeenranta,FI,61.0587,28.1887,44.65,57,0,12.66,clear sky
Broken Hill,AU,-31.95,141.4333,64.11,59,100,13.8,overcast clouds
Angul,IN,20.85,85.1,86.0,42,5,6.11,clear sky
Bereda,ES,43.2686,-7.5406,59.41,84,100,4.32,overcast clouds
Eureka,US,40.8021,-124.1637,53.2,82,64,1.01,broken clouds
Piacabucu,BR,-10.4056,-36.4344,84.52,61,9,11.21,clear sky
Pak Phanang,TH,8.3511,100.202,83.16,76,86,4.68,overcast clouds
Nome,US,64.5011,-165.4064,35.67,93,100,0.0,overcast clouds
Chiredzi,ZW,-21.05,31.6667,73.49,59,0,5.46,clear sky
Samana,DO,19.2056,-69.3369,82.36,83,75,9.22,broken clouds
Malvern,US,34.3623,-92.813,79.02,77,84,11.95,broken clouds
Sivagiri,IN,9.3333,77.4333,79.68,83,78,5.46,broken clouds
Gribanovskiy,RU,51.4579,41.9764,54.05,75,99,8.21,overcast clouds
Katherine,AU,-14.4667,132.2667,77.32,57,82,4.61,broken clouds
Nijar,ES,36.9665,-2.206,62.65,77,20,12.66,few clouds
Zeya,RU,53.75,127.2667,28.11,57,0,4.94,clear sky
Snezhnogorsk,RU,69.1933,33.2531,38.98,78,99,13.47,overcast clouds
Tilichiki,RU,60.4667,166.1,23.63,84,100,11.86,overcast clouds
Port-Gentil,GA,-0.7193,8.7815,80.56,78,20,2.3,few clouds
Barcelos,PT,41.5388,-8.6151,61.92,68,86,6.02,overcast clouds
Ust-Maya,RU,60.4167,134.5333,17.49,96,34,1.19,scattered clouds
Gorele,TR,41.0308,39.0031,56.48,80,3,6.15,clear sky
Roseburg,US,43.2165,-123.3417,54.18,75,0,0.0,clear sky
Las Palmas,ES,28.4204,-14.0131,70.59,40,20,4.61,few clouds
Isangel,VU,-19.55,169.2667,77.32,76,92,12.03,overcast clouds
West Haven,US,41.2706,-72.9471,63.12,52,0,18.41,clear sky
Yaan,NG,7.3833,8.5667,87.6,54,77,8.46,broken clouds
Hualmay,PE,-11.0964,-77.6139,72.75,72,74,11.3,broken clouds
Boyolangu,ID,-8.1181,111.8935,76.17,92,100,0.94,light rain
Tyukhtet,RU,56.5389,89.3011,25.2,82,58,6.02,broken clouds
Teguldet,RU,57.3064,88.1667,27.63,93,87,5.35,overcast clouds
Smirnykh,RU,49.75,142.8333,31.21,83,74,12.06,broken clouds
Paso De Carrasco,UY,-34.8603,-56.0522,73.85,33,0,16.11,clear sky
Caravelas,BR,-17.7125,-39.2481,87.78,56,13,8.59,few clouds
Viedma,AR,-40.8135,-62.9967,70.2,36,100,21.09,overcast clouds
Brisbane,AU,-27.4679,153.0281,66.58,92,75,6.91,light intensity shower rain
Flin Flon,CA,54.7682,-101.865,24.64,58,40,12.66,scattered clouds
Qaqortoq,GL,60.7167,-46.0333,38.75,86,86,10.67,overcast clouds
College,US,64.8569,-147.8028,37.22,73,40,0.0,scattered clouds
Faya,SA,18.3851,42.4509,68.11,44,34,4.74,scattered clouds
Jiayuguan,CN,39.8167,98.3,62.74,16,18,7.78,few clouds
Mount Gambier,AU,-37.8333,140.7667,44.51,100,67,0.0,fog
Dom Pedrito,BR,-30.9828,-54.6731,75.7,36,0,12.95,clear sky
Along,IN,28.1667,94.7667,65.43,96,78,2.82,broken clouds
Ligayan,PH,4.6533,119.4706,83.46,76,79,9.15,broken clouds
Adrar,MR,20.5022,-10.0711,91.45,16,0,14.41,clear sky
Te Anau,NZ,-45.4167,167.7167,46.67,85,64,0.43,broken clouds
Okhotsk,RU,59.3833,143.3,21.2,99,49,5.12,scattered clouds
Tahta,EG,26.7693,31.5021,85.21,12,0,12.21,clear sky
Whyalla,AU,-33.0333,137.5833,58.89,94,100,3.44,overcast clouds
Shetpe,KZ,44.1667,52.1167,65.14,32,0,9.06,clear sky
Phulji,PK,26.8825,67.6807,97.12,13,30,9.51,scattered clouds
Russellville,US,35.2784,-93.1338,75.15,75,100,10.85,overcast clouds
Basco,PH,20.4487,121.9702,81.05,86,4,17.85,clear sky
Okakarara,NA,-20.5833,17.4333,71.58,32,17,3.87,few clouds
Forest Grove,US,45.5198,-123.1107,57.45,79,61,1.01,broken clouds
Ucluelet,CA,48.9329,-125.5528,49.08,88,100,1.99,light rain
Carbonia,IT,39.1672,8.5222,67.15,73,0,12.26,clear sky
Ramhormoz,IR,31.28,49.6035,86.86,18,100,3.24,overcast clouds
Bayanday,RU,53.0661,105.5139,28.53,63,100,6.22,overcast clouds
Puerto Gaitan,CO,4.3133,-72.0816,88.65,57,87,11.34,overcast clouds
Salinopolis,BR,-0.6136,-47.3561,75.97,89,100,6.24,overcast clouds
Dimona,IL,31.0667,35.0333,67.69,50,3,15.37,clear sky
Bandarbeyla,SO,9.4942,50.8122,82.33,72,0,10.51,clear sky
Robertsport,LR,6.7533,-11.3686,83.32,77,71,15.77,broken clouds
Toamasina,MG,-18.1667,49.3833,75.15,86,100,7.31,light rain
Prince George,CA,53.9166,-122.753,50.25,51,75,10.36,broken clouds
Moussoro,TD,13.6408,16.4901,100.26,8,61,6.02,broken clouds
Siocon,PH,7.7061,122.1353,78.89,87,99,3.91,overcast clouds
Garut,ID,-7.2024,107.8878,70.52,93,100,2.44,overcast clouds
Leningradskiy,RU,69.3833,178.4167,13.64,97,98,3.44,overcast clouds
Beloha,MG,-25.1667,45.05,77.07,68,92,3.58,overcast clouds
La Ronge,CA,55.1001,-105.2842,34.02,64,75,9.22,broken clouds
Chifeng,CN,42.2683,118.9636,54.73,39,18,3.24,few clouds
Sungaipenuh,ID,-2.0833,101.3833,65.79,97,100,0.74,overcast clouds
Progreso,MX,21.2833,-89.6667,91.51,54,1,11.97,clear sky
Lahaina,US,20.8783,-156.6825,75.81,87,49,11.88,scattered clouds
Bakaly,RU,55.1789,53.8028,51.75,70,97,7.38,overcast clouds
Craig,US,40.5153,-107.5464,39.15,70,100,10.36,overcast clouds
Jumla,NP,29.2747,82.1838,50.07,32,4,3.98,clear sky
Sao Felix Do Xingu,BR,-6.6447,-51.995,88.75,56,99,4.65,overcast clouds
Husavik,IS,66.0449,-17.3389,43.34,81,64,3.56,broken clouds
Camaqua,BR,-30.8511,-51.8122,76.12,33,0,8.9,clear sky
Ostersund,SE,63.1792,14.6357,48.65,40,0,6.91,clear sky
Andros Town,BS,24.7,-77.7667,80.56,71,40,19.22,scattered clouds
Uspenka,UA,48.3903,39.1619,59.43,73,100,4.29,overcast clouds
Chapais,CA,49.7834,-74.8492,38.98,68,100,12.39,overcast clouds
Muros,ES,42.7762,-9.0603,63.68,83,100,6.98,overcast clouds
Tual,ID,-5.6667,132.75,83.86,67,78,5.48,broken clouds
Redcliffe,AU,-27.2307,153.0973,66.88,88,75,6.91,light intensity shower rain
Uaua,BR,-9.8414,-39.4817,93.56,31,90,19.13,overcast clouds
Sosnovo,RU,60.5514,30.2144,43.25,81,95,10.74,light rain
Harlingen,US,26.1906,-97.6961,86.05,39,39,24.05,scattered clouds
Saint-Felix-De-Valois,CA,46.1668,-73.4324,49.24,44,97,5.01,overcast clouds
San Cristobal,VE,7.7669,-72.225,69.98,54,92,5.21,overcast clouds
Sistranda,NO,63.7256,8.834,51.76,82,98,18.63,overcast clouds
Baculin,PH,7.4525,126.5842,77.86,85,100,3.38,overcast clouds
Auki,SB,-8.7676,160.7034,77.2,87,64,3.02,broken clouds
Otjimbingwe,NA,-22.35,16.1333,73.27,37,0,10.87,clear sky
Ust-Nera,RU,64.5667,143.2,8.38,98,98,4.76,overcast clouds
Djambala,CG,-2.5447,14.7533,69.1,92,100,1.97,overcast clouds
Moscow,RU,55.7522,37.6156,50.45,76,100,7.18,light rain
Cap Malheureux,MU,-19.9842,57.6142,75.47,75,98,7.0,overcast clouds
Niamey,NE,13.5137,2.1098,109.69,5,0,9.22,clear sky
Susanville,US,40.4163,-120.653,51.8,49,0,4.61,clear sky
Saint-Francois,FR,46.4154,3.9054,54.84,88,100,2.3,moderate rain
Thayetmyo,MM,19.3167,95.1833,88.23,55,17,7.4,few clouds
Batticaloa,LK,7.7102,81.6924,82.94,77,33,5.95,scattered clouds
Valparaiso,CL,-33.0393,-71.6273,62.24,87,100,6.91,mist
Gambela,ET,8.25,34.5833,81.32,63,100,4.27,overcast clouds
Ilhabela,BR,-23.7781,-45.3581,76.57,79,25,6.49,scattered clouds
Mazamari,PE,-11.3258,-74.5308,89.13,51,100,2.57,overcast clouds
Norrtalje,SE,59.758,18.705,44.44,65,6,9.95,clear sky
Noyabrsk,RU,63.1994,75.4507,17.87,92,100,0.89,overcast clouds
Tecoanapa,MX,16.5167,-98.75,85.19,58,1,9.78,clear sky
Syracuse,IT,37.0881,15.2792,71.31,60,81,5.1,broken clouds
Vestmannaeyjar,IS,63.4427,-20.2734,47.39,76,0,16.11,clear sky
Nishihara,JP,26.1842,127.7558,75.25,97,20,10.36,few clouds
Kristiinankaupunki,FI,62.2743,21.376,43.75,68,20,3.85,few clouds
Cockburn Town,TC,21.4612,-71.1419,82.36,57,40,18.41,scattered clouds
Westport,US,41.1415,-73.3579,63.32,49,0,18.41,clear sky
Magnitogorsk,RU,53.4186,59.0472,49.03,27,40,6.71,scattered clouds
Sola,VU,-13.8833,167.55,80.71,72,95,1.3,overcast clouds
Terekli-Mekteb,RU,44.1671,45.8698,56.91,51,0,13.62,clear sky
Tucuman,AR,-26.8241,-65.2226,75.2,64,20,3.44,few clouds
Khandyga,RU,62.6667,135.6,12.43,98,60,1.48,broken clouds
Fort Smith,US,35.3859,-94.3986,69.85,94,100,6.91,thunderstorm with rain
Manavgat,TR,36.7867,31.4431,68.56,58,0,1.43,clear sky
Arroyo,ES,41.6096,-4.7969,61.61,56,75,6.91,broken clouds
Qasigiannguit,GL,68.8193,-51.1922,29.01,94,100,4.36,light snow
Escarcega,MX,18.6089,-90.7454,93.7,36,1,5.61,clear sky
Saint-Leu,RE,-21.15,55.2833,74.32,70,98,6.24,overcast clouds
Kisangani,CD,0.5167,25.2,72.52,99,99,2.89,light rain
San Buenaventura,MX,27.0833,-101.5333,85.48,44,0,4.47,clear sky
Blagoyevo,RU,63.3667,47.9167,32.34,95,99,4.03,overcast clouds
Gizo,SB,-8.103,156.8419,81.54,75,53,3.67,light rain
Roebourne,AU,-20.7833,117.1333,79.3,60,1,6.69,light rain
Butterworth,MY,5.3991,100.3638,82.44,94,40,3.44,scattered clouds
Hamilton,US,39.1834,-84.5333,80.56,52,95,8.01,overcast clouds
Fort Nelson,CA,58.8053,-122.7002,44.19,49,75,11.5,broken clouds
Mikhaylovka,RU,50.06,43.2379,57.78,66,99,8.1,overcast clouds
Pacific Grove,US,36.6177,-121.9166,59.54,89,16,8.99,few clouds
Kushmurun,KZ,52.4503,64.6311,46.71,34,28,6.02,scattered clouds
Longyan,CN,25.1072,117.0225,71.22,95,79,3.4,broken clouds
Prenzlau,DE,53.3167,13.8667,55.22,81,94,15.73,overcast clouds
Zakamensk,RU,50.3741,103.2863,24.39,93,100,6.06,light snow
Manali,IN,13.1667,80.2667,86.09,84,59,9.17,broken clouds
Douentza,ML,14.9951,-2.9517,102.07,8,8,14.2,clear sky
Chapada Dos Guimaraes,BR,-15.4606,-55.7497,82.06,48,100,8.19,overcast clouds
Nago,JP,26.5881,127.9761,76.05,94,7,6.98,clear sky
Port Hawkesbury,CA,45.6169,-61.3485,41.43,88,100,14.97,overcast clouds
Douglas,US,41.3,-96.167,55.85,45,100,21.85,overcast clouds
Bulungu,CD,-4.55,18.6,75.25,82,51,1.19,broken clouds
Eyl,SO,7.9803,49.8164,82.49,68,5,9.57,clear sky
Merauke,ID,-8.4667,140.3333,79.11,85,94,4.45,overcast clouds
Morondava,MG,-20.2833,44.2833,76.84,86,100,9.71,overcast clouds
Goderich,CA,43.7501,-81.7165,73.72,49,100,17.27,overcast clouds
Malm,NO,64.0721,11.2172,49.78,67,100,3.31,overcast clouds
Turukhansk,RU,65.8167,87.9833,14.2,96,100,5.84,overcast clouds
Sobolevo,RU,54.4299,31.8996,47.39,79,89,7.38,overcast clouds
Drezdenko,PL,52.8383,15.8308,54.72,66,100,11.21,overcast clouds
Plymouth,US,41.8334,-70.8328,53.06,49,100,1.01,overcast clouds
Pangkalanbuun,ID,-2.6833,111.6167,77.05,90,76,1.57,light rain
Havelock,US,34.8791,-76.9013,79.99,69,20,11.5,few clouds
Barddhaman,IN,23.25,87.85,82.6,75,31,10.25,scattered clouds
Hami,CN,42.8,93.45,65.35,34,59,19.93,broken clouds
Lamar,US,33.6668,-95.5836,76.64,69,100,13.8,overcast clouds
Okrika,NG,4.7416,7.0849,79.41,79,100,5.53,overcast clouds
Launceston,AU,-41.45,147.1667,49.64,97,100,0.0,overcast clouds
Shache,CN,38.4167,77.2406,80.71,16,80,3.0,broken clouds
Pringsewu,ID,-5.3582,104.9744,74.44,98,55,3.94,broken clouds
Waitati,NZ,-45.75,170.5667,54.81,66,96,11.48,overcast clouds
Gat,IL,31.61,34.7642,74.39,100,2,1.95,clear sky
Luebo,CD,-5.35,21.4167,72.52,92,98,1.03,overcast clouds
Bacungan,PH,9.9106,118.7022,79.16,89,30,2.91,scattered clouds
Teguise,ES,29.0605,-13.564,62.82,68,40,8.05,scattered clouds
Saint Anthony,US,45.0205,-93.218,46.89,73,100,23.02,light intensity drizzle
Henties Bay,NA,-22.116,14.2845,60.03,78,1,14.61,clear sky
Tura,IN,25.5198,90.2201,73.71,63,0,5.61,clear sky
Dzaoudzi,YT,-12.7887,45.2699,82.29,78,0,5.75,clear sky
Todos Santos,MX,23.45,-110.2167,72.25,48,0,6.26,clear sky
Moree,AU,-29.4667,149.85,57.22,67,85,9.22,overcast clouds
Ust-Tsilma,RU,65.441,52.1498,27.46,95,63,3.69,broken clouds
Ouesso,CG,1.6136,16.0517,81.09,67,77,2.95,broken clouds
Itoman,JP,26.1247,127.6694,75.22,94,40,6.91,scattered clouds
Aberdeen,GB,57.1437,-2.0981,47.19,77,100,12.66,overcast clouds
Ponta Delgada,PT,37.7333,-25.6667,61.52,72,20,18.41,few clouds
Atagay,RU,55.1033,99.3875,21.29,75,68,5.08,broken clouds
Lodja,CD,-3.4833,23.4333,71.89,97,91,2.82,overcast clouds
Parsabad,IR,39.6482,47.9174,64.72,72,75,6.91,broken clouds
Goya,AR,-29.14,-59.2626,79.57,62,30,11.92,scattered clouds
Houston,US,29.7633,-95.3633,85.32,67,75,23.02,haze
Alim,PH,9.5649,122.4876,80.92,79,29,2.04,scattered clouds
Poronaysk,RU,49.2167,143.1167,31.8,84,43,8.59,scattered clouds
Morant Bay,JM,17.8815,-76.4093,83.71,73,98,11.12,overcast clouds
Mtambile,TZ,-5.3833,39.7,81.68,76,100,7.09,overcast clouds
Altay,CN,47.8667,88.1167,31.87,56,89,5.46,overcast clouds
Kizilskoye,RU,52.7255,58.8937,49.24,38,43,5.68,scattered clouds
Wanaka,NZ,-44.7,169.15,42.12,86,29,3.29,scattered clouds
Sao Desiderio,BR,-12.3633,-44.9733,87.91,42,40,4.5,scattered clouds
Antalaha,MG,-14.9003,50.2788,75.58,87,79,8.21,broken clouds
Jalu,LY,29.0331,21.5482,86.34,13,16,6.98,few clouds
Koratla,IN,18.8167,78.7167,94.51,25,71,3.09,broken clouds
Brae,GB,60.3964,-1.353,47.57,79,78,16.55,broken clouds
Kafanchan,NG,9.5833,8.3,86.79,46,87,7.38,overcast clouds
Umm Lajj,SA,25.0213,37.2685,78.4,52,0,3.06,clear sky
Pochutla,MX,15.7432,-96.4661,89.82,44,0,7.54,clear sky
Paramonga,PE,-10.6667,-77.8333,72.25,74,72,10.8,broken clouds
Bafq,IR,31.6128,55.4107,82.65,14,64,9.64,broken clouds
Inhambane,MZ,-23.865,35.3833,76.98,88,20,4.61,few clouds
Serov,RU,59.6033,60.5787,34.48,93,48,3.33,scattered clouds
Helsinki,FI,60.1695,24.9355,50.77,59,20,11.5,few clouds
Llangefni,GB,53.2556,-4.3106,59.11,51,45,21.85,scattered clouds
Lyngseidet,NO,69.5763,20.2189,39.2,100,100,3.65,overcast clouds
Dunhua,CN,43.3725,128.2425,42.76,43,68,3.56,broken clouds
Venice,US,27.0998,-82.4543,88.11,48,20,11.5,few clouds
Esmeraldas,BR,-19.7625,-44.3139,88.84,33,27,3.56,scattered clouds
Esso,RU,55.9333,158.7,27.55,98,100,1.72,light snow
Nova Olimpia,BR,-14.7972,-57.2881,91.04,48,100,5.61,overcast clouds
Klyuchi,RU,52.2667,79.1667,32.23,47,4,6.55,clear sky
Sangar,RU,63.9242,127.4739,3.02,98,56,2.37,broken clouds
Laguna De Perlas,NI,12.3429,-83.6712,78.89,74,41,4.54,scattered clouds
Torquay,GB,50.4638,-3.5143,62.08,79,62,6.44,broken clouds
Skovorodino,RU,53.9833,123.9167,25.95,58,25,3.2,scattered clouds
Ampanihy,MG,-24.7,44.75,77.72,66,100,1.77,overcast clouds
Alofi,NU,-19.0595,-169.9187,75.09,94,98,2.3,overcast clouds
Hohhot,CN,40.8106,111.6522,50.29,32,0,4.47,clear sky
Findlay,US,41.0442,-83.6499,80.55,58,98,20.07,overcast clouds
Macusani,PE,-14.0833,-70.4333,51.75,45,77,4.0,broken clouds
